{
  "Adho_Mukha_Svanasana": {
    "left_arm_min": -1.3664596273291925,
    "left_arm_max": 1.125,
    "right_arm_min": -1.5034965034965035,
    "right_arm_max": 1.1481481481481481
  },
  "Adho_Mukha_Vriksasana": {
    "left_arm_min": -31.666666666666668,
    "left_arm_max": 115.0,
    "right_arm_min": -100.0,
    "right_arm_max": 32.0
  },
  "Bhekasana": {
    "left_arm_min": -32.666666666666664,
    "left_arm_max": 0.9387755102040817,
    "right_arm_min": -0.4198473282442748,
    "right_arm_max": 1.0952380952380953
  },
  "Bhunjangasana": {
    "left_arm_min": -49.0,
    "left_arm_max": 26.0,
    "right_arm_min": -15.0,
    "right_arm_max": 76.5
  },
  "Chakravakasana": {
    "left_arm_min": 235.0,
    "left_arm_max": 238.0,
    "right_arm_min": 80.0,
    "right_arm_max": 85.0
  },
  "Eka_Pada_Koundinyanasana_I": {
    "left_arm_min": -1.53125,
    "left_arm_max": 1.496124031007752,
    "right_arm_min": -7.25,
    "right_arm_max": 2.08
  },
  "Padmasana": {
    "left_arm_min": -3.2,
    "left_arm_max": 3.716666666666667,
    "right_arm_min": -5.853658536585366,
    "right_arm_max": 2.2916666666666665
  },
  "Simhasana": {
    "left_arm_min": -12.096774193548388,
    "left_arm_max": 47.5,
    "right_arm_min": -77.0,
    "right_arm_max": 12.476190476190476
  },
  "Tadasana": {
    "left_arm_min": -19.75,
    "left_arm_max": 90.0,
    "right_arm_min": -29.666666666666668,
    "right_arm_max": 0.6756756756756757
  },
  "Trikonasana": {
    "left_arm_min": -56.0,
    "left_arm_max": -50.0,
    "right_arm_min": -67.0,
    "right_arm_max": 50.0
  },
  "Virabhadrasana_I": {
    "left_arm_min": -81.6,
    "left_arm_max": 67.0,
    "right_arm_min": 43.33,
    "right_arm_max": 45.333333333333336
  },
  "Virabhadrasana_II": {
    "left_arm_min": 0,
    "left_arm_max": 1.3454545454545455,
    "right_arm_min": 0,
    "right_arm_max": 1.3454545454545455
  },
  "Virabhadrasana_III": {
    "left_arm_min": -4.153846153846154,
    "left_arm_max": 17.25,
    "right_arm_min": 0,
    "right_arm_max": 1.3454545454545455
  }
}
